question,answer
"Что такое треугольник?","Треугольник - это фигура с тремя сторонами."
"Какова сумма углов в треугольнике?","Сумма углов в треугольнике равна 180 градусам."
"Что такое квадрат?","Квадрат - это прямоугольник с равными сторонами и углами в 90 градусов."
"Как найти площадь круга?","Площадь круга равна π умножить на радиус в квадрате."
"Что такое гипотенуза?","Гипотенуза - это сторона треугольника, противоположная прямому углу."
"Как найти периметр квадрата?","Периметр квадрата равен четырём умножить на длину стороны."
"Что такое окружность?","Окружность - это линия, все точки которой равноудалены от центра."
"Что такое радиус?","Радиус - это расстояние от центра окружности до любой её точки."
"Какова формула площади треугольника?","Площадь треугольника равна половине произведения основания на высоту."
"Что такое прямоугольник?","Прямоугольник - это четырёхугольник, у которого все углы прямые."
"Как найти длину окружности?","Длина окружности равна 2π умножить на радиус."
"Что такое параллелограмм?","Параллелограмм - это четырёхугольник, у которого противоположные стороны параллельны."
"Какова формула объема куба?","Объем куба равен длине стороны в кубе."
"Что такое угол?","Угол - это фигура, образованная двумя лучами, исходящими из одной точки."
"Как измеряется угол?","Углы измеряются в градусах или радианах."
"Что такое биссектриса?","Биссектриса - это луч, делящий угол пополам."
"Какова формула площади параллелограмма?","Площадь параллелограмма равна произведению основания на высоту."
"Что такое трапеция?","Трапеция - это четырёхугольник с одной парой параллельных сторон."
"Как найти среднюю линию трапеции?","Средняя линия трапеции равна полусумме её оснований."
"Что такое ромб?","Ромб - это параллелограмм, у которого все стороны равны."
"Какова формула площади ромба?","Площадь ромба равна половине произведения его диагоналей."
"Что такое сектор круга?","Сектор - это часть круга, ограниченная дугой и двумя радиусами."
"Как найти площадь сектора?","Площадь сектора равна половине произведения угла в радианах на квадрат радиуса."
"Что такое хорда?","Хорда - это отрезок, соединяющий две точки окружности."
"Какова формула объема шара?","Объем шара равен четырём третьям π умножить на куб радиуса."
"Что такое касательная?","Касательная - это прямая, которая касается окружности в одной точке."
"Какова формула площади поверхности шара?","Площадь поверхности шара равна четырём π умножить на квадрат радиуса."
"Что такое синус угла?","Синус угла - это отношение длины противолежащего катета к гипотенузе в прямоугольном треугольнике."
"Что такое косинус угла?","Косинус угла - это отношение длины прилежащего катета к гипотенузе в прямоугольном треугольнике."
"Что такое тангенс угла?","Тангенс угла - это отношение синуса угла к косинусу угла."
"Что такое теорема Пифагора?","Теорема Пифагора утверждает, что квадрат гипотенузы равен сумме квадратов катетов в прямоугольном треугольнике."
"Как найти площадь прямоугольника?","Площадь прямоугольника равна произведению его длины и ширины."
"Что такое высота треугольника?","Высота треугольника - это перпендикуляр, проведенный от вершины к противоположной стороне."
"Что такое подобные треугольники?","Подобные треугольники - это треугольники с равными углами и пропорциональными сторонами."
"Как найти длину диагонали квадрата?","Длина диагонали квадрата равна стороне умноженной на корень из двух."
"Что такое площадь поверхности куба?","Площадь поверхности куба равна шести умножить на квадрат длины стороны."
"Что такое дуга?","Дуга - это часть окружности, ограниченная двумя точками."
"Что такое секущая?","Секущая - это прямая, которая пересекает окружность в двух точках."
"Какова формула для вычисления угла в многоугольнике?","Сумма внутренних углов многоугольника равна (n-2) умножить на 180 градусов, где n - число сторон."
"Что такое правильный многоугольник?","Правильный многоугольник - это многоугольник, у которого все стороны и углы равны."
"Как найти радиус вписанной окружности треугольника?","Радиус вписанной окружности треугольника равен площади треугольника, деленной на полупериметр."
"Кто ты?","Я — обучающая система по геометрии, созданная помочь решать задачи."
"Что ты умеешь?","Я могу отвечать на вопросы, предоставлять информацию и помогать с задачами."
"Как тебя зовут?","Я не имею имени, просто называй меня помощником."
"Почему ты здесь?","Я здесь, чтобы помочь вам с информацией и ответами на вопросы."
"Как ты работаешь?","Я использую языковую модель для понимания и генерации ответов."
"Ты человек?","Нет, я не человек, я программа."
"Какой у тебя опыт?","Я обучен на небольшом объеме текстов и информации."
"Можешь ли ты учиться?","Я не учусь в реальном времени, но мои обновления основаны на новых данных."
"Кто тебя создал?","Меня создала команда разработчиков."
"Ты можешь шутить?","Нет, но могу помочь решить задачи"
"Привет!","Привет, как дела?"
"Здравствуй!","Здравствуй, рад тебя видеть!"
"Доброе утро!","Доброе утро, как спалось?"
"Добрый день!","Добрый день, чем могу помочь?"
"Добрый вечер!","Добрый вечер, как прошел день?"
"Как дела?","Все отлично, а у тебя?"
"Как поживаешь?","Все хорошо, спасибо!"
"Что нового?","Да ничего особенного, а у тебя?"
"Как настроение?","Настроение замечательное, а у тебя?"
"Приветствую!","Приветствую, как твои дела?"
"Хай!","Хай! Как ты?"
"Добро пожаловать!","Спасибо! Рад быть здесь."
"Как ты?","Все в порядке, а ты?"
"Что ты делаешь?","Я здесь, чтобы помочь тебе."
"Как ты сегодня?","Сегодня отличный день, спасибо!"
"Рад тебя видеть!","Я тоже рад тебя видеть!"
"Салют!","Салют! Как жизнь?"
"Доброго времени суток!","Доброго времени суток! Чем могу помочь?"
"What is a triangle?","A triangle is a shape with three sides."
"What is the sum of angles in a triangle?","The sum of the angles in a triangle is 180 degrees."
"What is a square?","A square is a rectangle with equal sides and 90-degree angles."
"How to find the area of a circle?","The area of a circle is π multiplied by the square of the radius."
"What is a hypotenuse?","The hypotenuse is the side of a triangle opposite the right angle."
"How to find the perimeter of a square?","The perimeter of a square is four times the length of its side."
"What is a circle?","A circle is a line where all points are equidistant from the center."
"What is a radius?","A radius is the distance from the center of a circle to any point on it."
"What is the formula for the area of a triangle?","The area of a triangle is half the product of its base and height."
"What is a rectangle?","A rectangle is a quadrilateral with all angles equal to 90 degrees."
"How to find the circumference of a circle?","The circumference of a circle is 2π multiplied by the radius."
"What is a parallelogram?","A parallelogram is a quadrilateral with opposite sides parallel."
"What is the formula for the volume of a cube?","The volume of a cube is the length of a side cubed."
"What is an angle?","An angle is a figure formed by two rays originating from a single point."
"How is an angle measured?","Angles are measured in degrees or radians."
"What is a bisector?","A bisector is a ray that divides an angle into two equal parts."
"What is the formula for the area of a parallelogram?","The area of a parallelogram is the product of its base and height."
"What is a trapezoid?","A trapezoid is a quadrilateral with one pair of parallel sides."
"How to find the median of a trapezoid?","The median of a trapezoid is the average of its bases."
"What is a rhombus?","A rhombus is a parallelogram where all sides are equal."
"What is the formula for the area of a rhombus?","The area of a rhombus is half the product of its diagonals."
"What is a sector of a circle?","A sector is a part of a circle bounded by an arc and two radii."
"How to find the area of a sector?","The area of a sector is half the product of the angle in radians and the square of the radius."
"What is a chord?","A chord is a line segment connecting two points on a circle."
"What is the formula for the volume of a sphere?","The volume of a sphere is four-thirds π multiplied by the cube of the radius."
"What is a tangent?","A tangent is a line that touches a circle at exactly one point."
"What is the formula for the surface area of a sphere?","The surface area of a sphere is 4π multiplied by the square of the radius."
"What is the sine of an angle?","The sine of an angle is the ratio of the opposite side to the hypotenuse in a right triangle."
"What is the cosine of an angle?","The cosine of an angle is the ratio of the adjacent side to the hypotenuse in a right triangle."
"What is the tangent of an angle?","The tangent of an angle is the ratio of the sine of the angle to the cosine of the angle."
"What is the Pythagorean theorem?","The Pythagorean theorem states that the square of the hypotenuse is equal to the sum of the squares of the other two sides in a right triangle."
"How to find the area of a rectangle?","The area of a rectangle is the product of its length and width."
"What is the height of a triangle?","The height of a triangle is the perpendicular line drawn from a vertex to the opposite side."
"What are similar triangles?","Similar triangles are triangles with equal angles and proportional sides."
"How to find the diagonal length of a square?","The diagonal length of a square is the side multiplied by the square root of two."
"What is the surface area of a cube?","The surface area of a cube is six times the square of the length of its side."
"What is an arc?","An arc is a part of a circle bounded by two points."
"What is a secant?","A secant is a line that intersects a circle at two points."
"What is the formula for the angle sum of a polygon?","The sum of the interior angles of a polygon is (n-2) multiplied by 180 degrees, where n is the number of sides."
"What is a regular polygon?","A regular polygon is a polygon with all sides and angles equal."
"How to find the radius of the inscribed circle of a triangle?","The radius of the inscribed circle of a triangle is the area of the triangle divided by its semi-perimeter."
"Who are you?","I am an educational geometry assistant designed to help with problems."
"What can you do?","I can answer questions, provide information, and assist with problems."
"What is your name?","I don’t have a name, just call me assistant."
"Why are you here?","I am here to help you with information and answers."
"How do you work?","I use a language model to understand and generate answers."
"Are you human?","No, I am not human, I am a program."
"What is your experience?","I have been trained on a limited dataset of texts and information."
"Can you learn?","I don’t learn in real-time, but my updates are based on new data."
"Who created you?","I was created by a team of developers."
"Can you joke?","No, but I can help solve problems."
"Hi!","Hi, how are you?"
"Hello!","Hello, glad to see you!"
"Good morning!","Good morning, how did you sleep?"
"Good afternoon!","Good afternoon, how can I help you?"
"Good evening!","Good evening, how was your day?"
"How are you?","I’m great, how about you?"
"How are you doing?","I’m doing well, thank you!"
"What’s new?","Not much, what about you?"
"How’s your mood?","I’m in a great mood, how about you?"
"Greetings!","Greetings, how are you?"
"Hey!","Hey! How are you?"
"Welcome!","Thank you! Glad to be here."
"How are you?","I’m fine, and you?"
"What are you doing?","I’m here to help you."
"How are you today?","Today is a great day, thank you!"
"Nice to see you!","Nice to see you too!"
"Salute!","Salute! How’s life?"
"Good day!","Good day! How can I help you?"